{"train_loss": 0.21594465441173977, "epoch": 5, "_runtime": 929, "_timestamp": 1651085641, "_step": 57, "train_triplet_loss": 0.11285075959232119, "train_recon_loss": 0.09249336189693874, "train_kl_divergence_loss": 1.0600532116713348, "train_triplet_percentage": 0.840318152198085, "Logistic Response Model Probability": 0.8912489922208547, "Triplet Response Model Probability": 0.8042010659724474, "metadata_reconstruction_error": 8417.464134973641, "test_loss": 0.23071581423282622, "test_triplet_loss": 0.12241774946451187, "test_recon_loss": 0.09767493158578873, "test_kl_divergence_loss": 1.0623134136199952, "test_triplet_percentage": 0.8227970242500305}