{"train_loss": 0.15789885405037138, "epoch": 15, "_runtime": 2776, "_timestamp": 1651092154, "_step": 187, "train_triplet_loss": 0.08574433348796985, "train_recon_loss": 0.05854139380432941, "train_kl_divergence_loss": 1.3613127911532368, "train_triplet_percentage": 0.8720055443269236, "Logistic Response Model Probability": 0.8950892586434377, "Triplet Response Model Probability": 0.7994432630389929, "metadata_reconstruction_error": 8185.710664619389, "test_loss": 0.17313767820596696, "test_triplet_loss": 0.10027994215488434, "test_recon_loss": 0.059821296483278275, "test_kl_divergence_loss": 1.3036436557769775, "test_triplet_percentage": 0.8671382308006287}