{"train_loss": 0.19676875902546775, "epoch": 5, "_runtime": 812, "_timestamp": 1651086833, "_step": 56, "train_triplet_loss": 0.11163889202806684, "train_recon_loss": 0.07363023884870389, "train_kl_divergence_loss": 1.14996279169012, "train_triplet_percentage": 0.8407521799758628, "Logistic Response Model Probability": 0.8945370392534968, "Triplet Response Model Probability": 0.8066277837753296, "metadata_reconstruction_error": 8728.464425109583, "test_loss": 0.198530375957489, "test_triplet_loss": 0.11251963675022125, "test_recon_loss": 0.07458678930997849, "test_kl_divergence_loss": 1.1423947095870972, "test_triplet_percentage": 0.8489935278892518}