{"train_loss": 0.1030378821823332, "_runtime": 298, "_timestamp": 1651083047, "_step": 20, "train_recon_loss": 0.09889243957069185, "train_kl_divergence_loss": 0.41454421259738783, "train_triplet_loss": 0.05901394453313616, "train_triplet_percentage": 0.8919439050886366, "train_cycle_consistent_loss": 0.05901394453313616, "metadata_reconstruction_error": 8480.123113311192, "Logistic Response Model Probability": 0.8795918511076182, "Triplet Response Model Probability": 0.7623197440803051, "test_loss": 0.36869075894355774, "test_triplet_loss": 0.11179400831460953, "test_recon_loss": 0.25045840442180634, "test_kl_divergence_loss": 0.6438342809677124, "test_triplet_percentage": 0.8435247778892517}